[{"eid":1,"ename":"Zoe","gender":"Female"},
{"eid":2,"ename":"Mahmoud","gender":"Male"},
{"eid":3,"ename":"Mechelle","gender":"Female"},
{"eid":4,"ename":"Gracia","gender":"Female"},
{"eid":5,"ename":"Peadar","gender":"Male"},
{"eid":6,"ename":"Kathrine","gender":"Female"},
{"eid":7,"ename":"Bendick","gender":"Male"},
{"eid":8,"ename":"Freedman","gender":"Male"},
{"eid":9,"ename":"Justine","gender":"Female"},
{"eid":10,"ename":"Freeland","gender":"Male"},
{"eid":11,"ename":"Gilbertina","gender":"Female"},
{"eid":12,"ename":"Efren","gender":"Male"},
{"eid":13,"ename":"Tatiana","gender":"Female"},
{"eid":14,"ename":"Dulsea","gender":"Female"},
{"eid":15,"ename":"Andrey","gender":"Male"},
{"eid":16,"ename":"Lawton","gender":"Male"},
{"eid":17,"ename":"Leonie","gender":"Female"},
{"eid":18,"ename":"Kip","gender":"Female"},
{"eid":19,"ename":"Bianca","gender":"Female"},
{"eid":20,"ename":"Leslie","gender":"Female"}]